frame_idx,yolo_detected,yolo_conf,raw_cx,raw_cy,raw_w,raw_h,kalman_active,track_id,kalman_status,lost_count,kalman_cx,kalman_cy,kalman_w,kalman_h,vx,vy,vw,vh
0,False,,,,,,False,,inactive_waiting,,,,,,,,,
1,False,,,,,,False,,inactive_waiting,,,,,,,,,
2,False,,,,,,False,,inactive_waiting,,,,,,,,,
3,False,,,,,,False,,inactive_waiting,,,,,,,,,
4,False,,,,,,False,,inactive_waiting,,,,,,,,,
5,False,,,,,,False,,inactive_waiting,,,,,,,,,
6,False,,,,,,False,,inactive_waiting,,,,,,,,,
7,False,,,,,,False,,inactive_waiting,,,,,,,,,
8,False,,,,,,False,,inactive_waiting,,,,,,,,,
9,False,,,,,,False,,inactive_waiting,,,,,,,,,
10,False,,,,,,False,,inactive_waiting,,,,,,,,,
11,False,,,,,,False,,inactive_waiting,,,,,,,,,
12,False,,,,,,False,,inactive_waiting,,,,,,,,,
13,False,,,,,,False,,inactive_waiting,,,,,,,,,
14,False,,,,,,False,,inactive_waiting,,,,,,,,,
15,False,,,,,,False,,inactive_waiting,,,,,,,,,
16,False,,,,,,False,,inactive_waiting,,,,,,,,,
17,False,,,,,,False,,inactive_waiting,,,,,,,,,
18,False,,,,,,False,,inactive_waiting,,,,,,,,,
19,False,,,,,,False,,inactive_waiting,,,,,,,,,
20,False,,,,,,False,,inactive_waiting,,,,,,,,,
21,False,,,,,,False,,inactive_waiting,,,,,,,,,
22,False,,,,,,False,,inactive_waiting,,,,,,,,,
23,False,,,,,,False,,inactive_waiting,,,,,,,,,
24,False,,,,,,False,,inactive_waiting,,,,,,,,,
25,False,,,,,,False,,inactive_waiting,,,,,,,,,
26,False,,,,,,False,,inactive_waiting,,,,,,,,,
27,False,,,,,,False,,inactive_waiting,,,,,,,,,
28,False,,,,,,False,,inactive_waiting,,,,,,,,,
29,False,,,,,,False,,inactive_waiting,,,,,,,,,
30,False,,,,,,False,,inactive_waiting,,,,,,,,,
31,False,,,,,,False,,inactive_waiting,,,,,,,,,
32,False,,,,,,False,,inactive_waiting,,,,,,,,,
33,False,,,,,,False,,inactive_waiting,,,,,,,,,
34,False,,,,,,False,,inactive_waiting,,,,,,,,,
35,False,,,,,,False,,inactive_waiting,,,,,,,,,
36,False,,,,,,False,,inactive_waiting,,,,,,,,,
37,False,,,,,,False,,inactive_waiting,,,,,,,,,
38,False,,,,,,False,,inactive_waiting,,,,,,,,,
39,False,,,,,,False,,inactive_waiting,,,,,,,,,
40,False,,,,,,False,,inactive_waiting,,,,,,,,,
41,False,,,,,,False,,inactive_waiting,,,,,,,,,
42,False,,,,,,False,,inactive_waiting,,,,,,,,,
43,False,,,,,,False,,inactive_waiting,,,,,,,,,
44,False,,,,,,False,,inactive_waiting,,,,,,,,,
45,False,,,,,,False,,inactive_waiting,,,,,,,,,
46,False,,,,,,False,,inactive_waiting,,,,,,,,,
47,False,,,,,,False,,inactive_waiting,,,,,,,,,
48,False,,,,,,False,,inactive_waiting,,,,,,,,,
49,False,,,,,,False,,inactive_waiting,,,,,,,,,
50,False,,,,,,False,,inactive_waiting,,,,,,,,,
51,False,,,,,,False,,inactive_waiting,,,,,,,,,
52,False,,,,,,False,,inactive_waiting,,,,,,,,,
53,False,,,,,,False,,inactive_waiting,,,,,,,,,
54,False,,,,,,False,,inactive_waiting,,,,,,,,,
55,False,,,,,,False,,inactive_waiting,,,,,,,,,
56,False,,,,,,False,,inactive_waiting,,,,,,,,,
57,False,,,,,,False,,inactive_waiting,,,,,,,,,
58,False,,,,,,False,,inactive_waiting,,,,,,,,,
59,False,,,,,,False,,inactive_waiting,,,,,,,,,
60,False,,,,,,False,,inactive_waiting,,,,,,,,,
61,False,,,,,,False,,inactive_waiting,,,,,,,,,
62,False,,,,,,False,,inactive_waiting,,,,,,,,,
63,False,,,,,,False,,inactive_waiting,,,,,,,,,
64,False,,,,,,False,,inactive_waiting,,,,,,,,,
65,False,,,,,,False,,inactive_waiting,,,,,,,,,
66,False,,,,,,False,,inactive_waiting,,,,,,,,,
67,False,,,,,,False,,inactive_waiting,,,,,,,,,
68,False,,,,,,False,,inactive_waiting,,,,,,,,,
69,False,,,,,,False,,inactive_waiting,,,,,,,,,
70,False,,,,,,False,,inactive_waiting,,,,,,,,,
71,False,,,,,,False,,inactive_waiting,,,,,,,,,
72,False,,,,,,False,,inactive_waiting,,,,,,,,,
73,False,,,,,,False,,inactive_waiting,,,,,,,,,
74,False,,,,,,False,,inactive_waiting,,,,,,,,,
75,False,,,,,,False,,inactive_waiting,,,,,,,,,
76,False,,,,,,False,,inactive_waiting,,,,,,,,,
77,False,,,,,,False,,inactive_waiting,,,,,,,,,
78,False,,,,,,False,,inactive_waiting,,,,,,,,,
79,False,,,,,,False,,inactive_waiting,,,,,,,,,
80,False,,,,,,False,,inactive_waiting,,,,,,,,,
81,False,,,,,,False,,inactive_waiting,,,,,,,,,
82,False,,,,,,False,,inactive_waiting,,,,,,,,,
83,False,,,,,,False,,inactive_waiting,,,,,,,,,
84,False,,,,,,False,,inactive_waiting,,,,,,,,,
85,False,,,,,,False,,inactive_waiting,,,,,,,,,
86,False,,,,,,False,,inactive_waiting,,,,,,,,,
87,False,,,,,,False,,inactive_waiting,,,,,,,,,
88,False,,,,,,False,,inactive_waiting,,,,,,,,,
89,False,,,,,,False,,inactive_waiting,,,,,,,,,
90,False,,,,,,False,,inactive_waiting,,,,,,,,,
91,False,,,,,,False,,inactive_waiting,,,,,,,,,
92,False,,,,,,False,,inactive_waiting,,,,,,,,,
93,False,,,,,,False,,inactive_waiting,,,,,,,,,
94,False,,,,,,False,,inactive_waiting,,,,,,,,,
95,False,,,,,,False,,inactive_waiting,,,,,,,,,
96,False,,,,,,False,,inactive_waiting,,,,,,,,,
97,False,,,,,,False,,inactive_waiting,,,,,,,,,
98,False,,,,,,False,,inactive_waiting,,,,,,,,,
99,False,,,,,,False,,inactive_waiting,,,,,,,,,
100,False,,,,,,False,,inactive_waiting,,,,,,,,,
101,False,,,,,,False,,inactive_waiting,,,,,,,,,
102,False,,,,,,False,,inactive_waiting,,,,,,,,,
103,False,,,,,,False,,inactive_waiting,,,,,,,,,
104,False,,,,,,False,,inactive_waiting,,,,,,,,,
105,False,,,,,,False,,inactive_waiting,,,,,,,,,
106,False,,,,,,False,,inactive_waiting,,,,,,,,,
107,False,,,,,,False,,inactive_waiting,,,,,,,,,
108,False,,,,,,False,,inactive_waiting,,,,,,,,,
109,False,,,,,,False,,inactive_waiting,,,,,,,,,
110,False,,,,,,False,,inactive_waiting,,,,,,,,,
111,False,,,,,,False,,inactive_waiting,,,,,,,,,
112,False,,,,,,False,,inactive_waiting,,,,,,,,,
113,False,,,,,,False,,inactive_waiting,,,,,,,,,
114,False,,,,,,False,,inactive_waiting,,,,,,,,,
115,False,,,,,,False,,inactive_waiting,,,,,,,,,
116,False,,,,,,False,,inactive_waiting,,,,,,,,,
117,False,,,,,,False,,inactive_waiting,,,,,,,,,
118,False,,,,,,False,,inactive_waiting,,,,,,,,,
119,False,,,,,,False,,inactive_waiting,,,,,,,,,
120,False,,,,,,False,,inactive_waiting,,,,,,,,,
121,False,,,,,,False,,inactive_waiting,,,,,,,,,
122,False,,,,,,False,,inactive_waiting,,,,,,,,,
123,False,,,,,,False,,inactive_waiting,,,,,,,,,
124,False,,,,,,False,,inactive_waiting,,,,,,,,,
125,False,,,,,,False,,inactive_waiting,,,,,,,,,
126,False,,,,,,False,,inactive_waiting,,,,,,,,,
127,False,,,,,,False,,inactive_waiting,,,,,,,,,
128,False,,,,,,False,,inactive_waiting,,,,,,,,,
129,False,,,,,,False,,inactive_waiting,,,,,,,,,
130,False,,,,,,False,,inactive_waiting,,,,,,,,,
131,False,,,,,,False,,inactive_waiting,,,,,,,,,
132,False,,,,,,False,,inactive_waiting,,,,,,,,,
133,False,,,,,,False,,inactive_waiting,,,,,,,,,
134,False,,,,,,False,,inactive_waiting,,,,,,,,,
135,False,,,,,,False,,inactive_waiting,,,,,,,,,
136,False,,,,,,False,,inactive_waiting,,,,,,,,,
137,False,,,,,,False,,inactive_waiting,,,,,,,,,
138,False,,,,,,False,,inactive_waiting,,,,,,,,,
139,False,,,,,,False,,inactive_waiting,,,,,,,,,
140,False,,,,,,False,,inactive_waiting,,,,,,,,,
141,False,,,,,,False,,inactive_waiting,,,,,,,,,
142,False,,,,,,False,,inactive_waiting,,,,,,,,,
143,False,,,,,,False,,inactive_waiting,,,,,,,,,
144,False,,,,,,False,,inactive_waiting,,,,,,,,,
145,False,,,,,,False,,inactive_waiting,,,,,,,,,
146,False,,,,,,False,,inactive_waiting,,,,,,,,,
147,False,,,,,,False,,inactive_waiting,,,,,,,,,
148,False,,,,,,False,,inactive_waiting,,,,,,,,,
149,False,,,,,,False,,inactive_waiting,,,,,,,,,
150,False,,,,,,False,,inactive_waiting,,,,,,,,,
151,False,,,,,,False,,inactive_waiting,,,,,,,,,
152,False,,,,,,False,,inactive_waiting,,,,,,,,,
153,False,,,,,,False,,inactive_waiting,,,,,,,,,
154,False,,,,,,False,,inactive_waiting,,,,,,,,,
155,False,,,,,,False,,inactive_waiting,,,,,,,,,
156,False,,,,,,False,,inactive_waiting,,,,,,,,,
157,False,,,,,,False,,inactive_waiting,,,,,,,,,
158,False,,,,,,False,,inactive_waiting,,,,,,,,,
159,False,,,,,,False,,inactive_waiting,,,,,,,,,
160,False,,,,,,False,,inactive_waiting,,,,,,,,,
161,False,,,,,,False,,inactive_waiting,,,,,,,,,
162,False,,,,,,False,,inactive_waiting,,,,,,,,,
163,False,,,,,,False,,inactive_waiting,,,,,,,,,
164,False,,,,,,False,,inactive_waiting,,,,,,,,,
165,False,,,,,,False,,inactive_waiting,,,,,,,,,
166,False,,,,,,False,,inactive_waiting,,,,,,,,,
167,False,,,,,,False,,inactive_waiting,,,,,,,,,
168,False,,,,,,False,,inactive_waiting,,,,,,,,,
169,False,,,,,,False,,inactive_waiting,,,,,,,,,
170,False,,,,,,False,,inactive_waiting,,,,,,,,,
171,False,,,,,,False,,inactive_waiting,,,,,,,,,
172,False,,,,,,False,,inactive_waiting,,,,,,,,,
173,False,,,,,,False,,inactive_waiting,,,,,,,,,
174,False,,,,,,False,,inactive_waiting,,,,,,,,,
175,False,,,,,,False,,inactive_waiting,,,,,,,,,
176,False,,,,,,False,,inactive_waiting,,,,,,,,,
177,False,,,,,,False,,inactive_waiting,,,,,,,,,
178,False,,,,,,False,,inactive_waiting,,,,,,,,,
179,False,,,,,,False,,inactive_waiting,,,,,,,,,
180,False,,,,,,False,,inactive_waiting,,,,,,,,,
181,False,,,,,,False,,inactive_waiting,,,,,,,,,
182,False,,,,,,False,,inactive_waiting,,,,,,,,,
183,False,,,,,,False,,inactive_waiting,,,,,,,,,
184,False,,,,,,False,,inactive_waiting,,,,,,,,,
185,False,,,,,,False,,inactive_waiting,,,,,,,,,
186,False,,,,,,False,,inactive_waiting,,,,,,,,,
187,False,,,,,,False,,inactive_waiting,,,,,,,,,
188,False,,,,,,False,,inactive_waiting,,,,,,,,,
189,False,,,,,,False,,inactive_waiting,,,,,,,,,
190,False,,,,,,False,,inactive_waiting,,,,,,,,,
191,False,,,,,,False,,inactive_waiting,,,,,,,,,
192,True,0.6871090531349182,1749.02099609375,532.9074935913086,339.55322265625,1052.9726104736328,True,1,new_track,0,1749.02099609375,532.9074935913086,339.55322265625,1052.9726104736328,0.0,0.0,0.0,0.0
193,True,0.8992770910263062,1730.4031982421875,535.8627624511719,375.781005859375,1067.8213500976562,True,1,update,0,1744.5877649217507,533.6111960450381,353.48725338043846,1058.6837740018161,-2.217446712953577,0.351983154583877,6.967668499373881,2.8558494665163043
194,True,0.9260870814323425,1717.5519409179688,534.8933410644531,401.6727294921875,1063.8192749023438,True,1,update,0,1732.927438332937,534.3170865744588,381.2857261797448,1062.6917219336494,-6.168468771162303,0.5000625395729377,16.036544568532456,3.3574257883418683
195,True,0.9119203686714172,1706.823974609375,534.9691619873047,423.154296875,1069.3976135253906,True,1,update,0,1717.9239605017592,534.8845198415294,410.8540416007822,1067.8031979748353,-9.013506783091886,0.5217571727442453,20.64586611281245,3.954907205098664
196,True,0.9283565878868103,1687.2557373046875,537.006721496582,461.40380859375,1070.408920288086,True,1,update,0,1699.3582610911228,536.1122550419901,446.2134416099191,1071.0942694576925,-11.47522241341848,0.7036962534622466,24.691936852342984,3.7723591979005406
197,True,0.9341198205947876,1677.6954345703125,535.3190460205078,474.798095703125,1065.7493591308594,True,1,update,0,1683.6665141451363,536.1964005406135,472.6528457732032,1070.773824202121,-12.379260650606644,0.5708623121613032,25.09366710590743,2.8314526867523817
198,True,0.9283177852630615,1652.1746826171875,534.7271423339844,457.616455078125,1063.6824340820312,True,1,update,0,1664.003451018637,535.9897727400501,481.39014249300646,1069.5608847019323,-13.718069273887831,0.42795474830616886,21.86245850918367,2.032481124328691
199,True,0.9128668308258057,1636.2774047851562,535.5226593017578,451.1077880859375,1065.7171325683594,True,1,update,0,1645.3863316114123,536.1046927131314,483.8939760782955,1069.411829653378,-14.507994922018629,0.37748084194127834,18.50621146718239,1.6542634381013577
200,True,0.9237162470817566,1619.5476684570312,536.0816192626953,445.6407470703125,1066.3509216308594,True,1,update,0,1627.232533401192,536.353289527555,483.0984451305152,1069.462641327097,-15.033090229177603,0.3589180197955375,15.520735600573088,1.4062512927250257
201,True,0.9327133297920227,1604.542236328125,538.1907653808594,446.80859375,1071.1765747070312,True,1,update,0,1609.9219897359753,537.1519692890612,482.3814342350225,1070.965322018225,-15.33042877962642,0.41633219861207127,13.250361205228195,1.4197341265126688
202,True,0.944024384021759,1585.0303344726562,539.4726409912109,444.9539794921875,1062.7519836425781,True,1,update,0,1591.9487998018908,538.0946685257759,480.9075856502558,1069.5862105790686,-15.647075455012903,0.4793997113031281,11.369034417634257,1.0621228718421794
203,True,0.9347094893455505,1568.1378173828125,546.6519241333008,451.458251953125,1050.5184173583984,True,1,update,0,1574.1933279151322,540.6602412695149,481.22196294818076,1065.1966377920942,-15.881396037934694,0.7112504551555998,10.066433936790474,0.4197346629915024
204,True,0.9313524961471558,1544.1639404296875,555.588134765625,449.6015625,1044.4775390625,True,1,update,0,1554.8801147196214,544.8199614026522,480.712227124084,1060.2533389265025,-16.23851543919819,1.070102739566337,8.908026623718335,-0.16767811500089058
205,True,0.9066823720932007,1520.8768310546875,556.1832885742188,432.583740234375,1025.2369384765625,True,1,update,0,1534.5741909716435,548.2467932617237,476.0027908168847,1051.7655312076092,-16.63820469298216,1.3016898416314833,7.5119005114499835,-1.0206967908276319
206,True,0.905024528503418,1475.9581298828125,563.5882720947266,374.672607421875,1015.4816589355469,True,1,update,0,1508.8212072984336,552.5969849701166,458.95854594698073,1042.7890177634586,-17.49057538982879,1.5867712096104878,5.140500850456242,-1.788994120136664
207,True,0.9034301042556763,1471.0347290039062,569.9143981933594,397.8612060546875,1002.8911743164062,True,1,update,0,1487.132724027446,557.4374072439242,449.92308367183296,1032.8441170382791,-17.866831980863157,1.878394487797391,3.8436358634667416,-2.535124003483518
208,True,0.9268725514411926,1428.1372680664062,574.7117919921875,391.5819091796875,991.523681640625,True,1,update,0,1461.1282171312134,562.3620394030878,441.0973385635872,1022.4069686762875,-18.57050052002132,2.141804077690235,2.739844299401864,-3.2235702539696893
209,True,0.9476730823516846,1394.8851928710938,580.551643371582,420.0574951171875,979.4953460693359,True,1,update,0,1433.4983087839678,567.5534735933578,439.20973729872316,1011.460239742592,-19.330827286947308,2.3977496591276877,2.3540113283906337,-3.8675214831318074
210,True,0.9516481161117554,1390.7545776367188,584.9804992675781,416.5665283203125,966.7384643554688,True,1,update,0,1409.8778125549265,572.7048594066669,436.9031232664676,999.9756164578084,-19.682179871767865,2.623290882351945,1.9803879983382457,-4.478153473532035
211,True,0.9565082788467407,1379.0980224609375,590.8242492675781,422.63818359375,953.2885131835938,True,1,update,0,1388.228120910121,578.0754766562237,435.97293961180173,987.9351548991137,-19.840235047042846,2.8439905276891384,1.755073618480465,-5.063570003217268
212,True,0.9536449313163757,1365.2008056640625,597.4087982177734,420.939697265625,938.2031555175781,True,1,update,0,1367.8392234340602,583.7581395275568,434.82952533838795,975.1596200999305,-19.883654478666443,3.0686341941913726,1.5375110737963515,-5.642435517962658
213,True,0.9524322748184204,1355.933349609375,604.9901733398438,418.43505859375,922.7559814453125,True,1,update,0,1349.2935350822993,589.8729860071578,433.375671582657,961.7166050884123,-19.778944770875917,3.3070318575245023,1.3189559022299364,-6.212361650911446
214,True,0.9527084231376648,1346.7591552734375,613.5708465576172,414.4267578125,908.9847717285156,True,1,update,0,1332.3408458206222,596.5219225202933,431.4194156371984,947.9868709976604,-19.559486103971352,3.566530667258938,1.085188861686071,-6.748911342855109
215,True,0.9519855380058289,1337.6613159179688,621.8438491821289,409.4351806640625,896.5637664794922,True,1,update,0,1316.7777301481524,603.5829376864326,428.8844554321218,934.2275011409752,-19.250733530812806,3.8365084131624023,0.8319153732321609,-7.239378240961875
216,True,0.9520016312599182,1328.4391479492188,630.5792541503906,402.7188720703125,876.8124389648438,True,1,update,0,1302.4064905835246,611.0752299506955,425.59257135980226,919.323914462679,-18.874804231160812,4.118159804136002,0.5482290173535387,-7.766618081547941
217,True,0.9550345540046692,1321.8452758789062,636.6018829345703,395.3453369140625,873.8384704589844,True,1,update,0,1289.489797057685,618.5226046359023,421.55167647633147,905.9364566182289,-18.41623527294109,4.3743944857673265,0.2369181166326333,-8.147917154576376
218,True,0.9565507769584656,1312.5197143554688,639.3131256103516,388.2720947265625,863.3920593261719,True,1,update,0,1277.4376549038343,625.4177097582109,416.90528178581746,892.7770146133354,-17.926241541214615,4.568472791707956,-0.09059885396491296,-8.484033127865679
219,True,0.95393306016922,1304.9779663085938,646.0497741699219,371.0941162109375,847.6265258789062,True,1,update,0,1266.4190836424825,632.4267017279001,410.2881476843246,879.0589056180618,-17.393674565687178,4.756631731650871,-0.5243806826617714,-8.831912502632296
220,True,0.9534223079681396,1297.8794555664062,645.7164840698242,356.1539306640625,847.3468170166016,True,1,update,0,1256.3827762119988,638.4684168123315,402.2511621278836,867.0206837099962,-16.825285702648024,4.855910053960294,-1.02022687570996,-9.04353501428169
221,True,0.9544900059700012,1287.1243896484375,652.6196594238281,336.546875,830.6188354492188,True,1,update,0,1246.6697911226029,644.7141841125259,392.3156732320174,854.2064124421283,-16.274490184065606,4.963544304018381,-1.6056127289257769,-9.291125680048646
222,True,0.9559972286224365,1279.9840087890625,658.1902618408203,322.11181640625,818.8387145996094,True,1,update,0,1237.767239168243,650.9432155264569,381.39446029708984,841.3741039780774,-15.70208540333458,5.061804876624461,-2.2150706943163776,-9.522801793974601
223,True,0.9354217648506165,1274.3787841796875,662.0693664550781,311.431396484375,818.1286010742188,True,1,update,0,1229.8067661331231,656.9024503086154,370.09954422101447,830.0121332499016,-15.099377772708253,5.131672473488174,-2.8077283554534342,-9.642847622196458
224,True,0.9447574615478516,1269.3651123046875,665.8036499023438,302.258544921875,811.6011962890625,True,1,update,0,1222.7672826461348,662.5899818245925,358.67639257243275,819.2077140193851,-14.470280702169983,5.175058811182651,-3.369375799378661,-9.71857155386554
225,True,0.9423063397407532,1262.3265380859375,669.1109466552734,288.553955078125,804.3293762207031,True,1,update,0,1216.242846387378,667.9629760731309,346.5532138891757,808.8125056868137,-13.848605253724415,5.1905450949448975,-3.9398346268627997,-9.762665923882038
226,True,0.9407069087028503,1253.8417358398438,672.4746246337891,279.8475341796875,799.5741882324219,True,1,update,0,1209.9452904810296,673.0538781968984,334.454898736856,799.1179960471536,-13.256546320320117,5.182732338263991,-4.4716662752749246,-9.75822298026351
227,True,0.9486943483352661,1247.5381469726562,677.1684112548828,274.7681884765625,791.5630798339844,True,1,update,0,1204.141338216422,678.080053030722,322.86077812038576,789.643988213989,-12.67110297024357,5.17043386216371,-4.93634901760917,-9.7396802325476
228,True,0.9429349899291992,1243.6259155273438,681.8568115234375,271.8900146484375,781.811767578125,True,1,update,0,1199.1067406176453,683.0464284013177,312.0248904141693,780.1487583957885,-12.07024295082502,5.154378011582615,-5.321710770271809,-9.723712570483814
229,True,0.9429025650024414,1237.86376953125,686.7498168945312,270.6689453125,772.3802490234375,True,1,update,0,1194.4737106787722,687.9884928707727,302.11074868692475,770.6742292993227,-11.484275426425574,5.137650127027331,-5.622128097546598,-9.707412045997565
230,True,0.9367137551307678,1226.5845336914062,692.4066162109375,255.7894287109375,761.076171875,True,1,update,0,1189.3659508084643,693.0209001169774,291.32579724172064,760.9806892386865,-10.981329384301436,5.1293491215791915,-5.960399106301942,-9.706503145931526
231,True,0.9506683349609375,1218.9174194335938,697.9349212646484,251.6348876953125,754.8745422363281,True,1,update,0,1184.3120475707308,698.1187601550165,281.10317344133614,751.7291310865427,-10.513402234116771,5.12686328763399,-6.240127136203035,-9.676645295639807
232,True,0.9474485516548157,1210.1987915039062,702.3907775878906,250.0281982421875,747.2955932617188,True,1,update,0,1179.1213614852584,703.1206211469229,271.7349312600928,742.7128902081416,-10.092936830588352,5.1169887913716865,-6.445764771368391,-9.633231290509448
233,True,0.9416342377662659,1203.7029418945312,704.8411560058594,248.4906005859375,741.1863403320312,True,1,update,0,1174.0988981957482,707.7409446299134,263.1788002486247,734.0980831614156,-9.692205642760383,5.077736189545033,-6.584719699633149,-9.566174177365273
234,True,0.9384760856628418,1200.1098022460938,706.8883819580078,249.3377685546875,736.2349548339844,True,1,update,0,1169.6279407182003,711.9514296943978,255.68440522958468,725.9990415963098,-9.2794229253991,5.00917283750551,-6.644706897388867,-9.469426280321253
235,True,0.9431660771369934,1191.7393188476562,709.412109375,253.5989990234375,731.822265625,True,1,update,0,1164.939566679829,715.856600724298,249.61031034163258,718.4435425854053,-8.916388245231307,4.921874498282614,-6.60702630188979,-9.343039316743782
236,True,0.9520182609558105,1186.8829956054688,711.4617156982422,257.1517333984375,728.3631896972656,True,1,update,0,1160.5370275119533,719.4157177522424,244.77168702060078,711.5081305100697,-8.559420091571642,4.814103722225216,-6.4901020765513895,-9.183850515801653
237,True,0.9491197466850281,1178.7994384765625,713.7905883789062,259.985595703125,723.2398681640625,True,1,update,0,1155.901197951736,722.7027342281662,240.9916078856985,704.9358583061027,-8.249121918399391,4.693333631917548,-6.310719231133927,-9.01098395389633
238,True,0.9509735703468323,1169.71875,714.8851776123047,251.108154296875,719.4542541503906,True,1,update,0,1150.8803293106532,725.5657819499571,236.73047468391448,698.8605721830988,-7.9938214892354695,4.548588861849072,-6.17492030537907,-8.816474132855774
239,True,0.9526770114898682,1164.3704223632812,716.7119140625,253.2630615234375,712.80908203125,True,1,update,0,1146.029704562933,728.1535289782274,233.38710947340812,692.8828203267474,-7.745264250145466,4.39352970630554,-5.9871545314865715,-8.628233089593403
240,True,0.9557490944862366,1158.1309814453125,718.465087890625,255.566650390625,708.666748046875,True,1,update,0,1141.1882062180523,730.4867124308842,230.91082866431282,687.2974721950195,-7.515662150993201,4.230617185030817,-5.754179241318173,-8.42631269539451
241,True,0.9547661542892456,1152.0233154296875,721.2941589355469,250.774658203125,702.7075805664062,True,1,update,0,1136.357523707418,732.7533282519588,228.34893997994752,681.8414442917068,-7.3033826767403465,4.075339591597451,-5.542222891515032,-8.229096711707118
242,True,0.9546328783035278,1146.4798278808594,725.0654907226562,248.91046142578125,696.0794677734375,True,1,update,0,1131.6037783391794,735.1075399757244,226.05892922888796,676.4114801530852,-7.101826858575539,3.939279715782809,-5.326188334560072,-8.043158851823215
243,True,0.957024872303009,1142.6395263671875,728.4843444824219,246.88330078125,689.2561645507812,True,1,update,0,1127.155716612136,737.5013910116633,223.9904089064677,670.9703940328129,-6.892063599140414,3.817123405393191,-5.10971333785195,-7.87024875665769
244,True,0.9558857679367065,1138.7354125976562,731.8515625,245.6453857421875,682.02001953125,True,1,update,0,1122.9662446734342,739.9334105679324,222.21465244870492,665.4569087781472,-6.678464425031156,3.7076518035380785,-4.888108594599297,-7.713597069323279
245,True,0.9552673697471619,1134.4353332519531,735.5859985351562,242.12420654296875,673.7611083984375,True,1,update,0,1118.9428414390732,742.4625736035366,220.41538572719494,659.7385175373042,-6.468643156761469,3.61451948372625,-4.682756178722541,-7.580951775752441
246,True,0.9566112160682678,1131.7856140136719,738.5328063964844,237.00421142578125,667.1941528320312,True,1,update,0,1115.2994132612623,744.9733815799975,218.3822378957413,654.0305372615642,-6.24539553164683,3.5273045373789875,-4.506581737430489,-7.456416499468787
247,True,0.9565533995628357,1128.774169921875,741.1619873046875,234.17626953125,662.6103515625,True,1,update,0,1111.9388883911731,747.4271042964896,216.4043347288338,648.5716206618274,-6.01745210720853,3.4424771931487426,-4.338434895826764,-7.323590879336995
248,True,0.9514437913894653,1128.849365234375,742.4409942626953,234.320556640625,658.9644470214844,True,1,update,0,1109.2754002744005,749.6366232878506,214.83800950330294,643.454842135328,-5.752462028640218,3.345063597864223,-4.154094495792846,-7.176841753109803
249,True,0.9528632760047913,1126.3394775390625,742.9219970703125,226.58056640625,653.645751953125,True,1,update,0,1106.860432097747,751.5102037444633,212.66407552863592,638.4414079539636,-5.488788103720908,3.2288111783802322,-4.022417275485437,-7.032978923606735
250,True,0.9416347742080688,1122.0042419433594,744.5014343261719,217.59820556640625,651.0195922851562,True,1,update,0,1104.3895249557163,753.2415883916653,209.75733726585972,633.8513082440703,-5.250375619366457,3.1105145378008383,-3.9482284950950275,-6.870535938266003
251,True,0.9452486038208008,1117.1815185546875,733.4487609863281,206.282470703125,624.2626342773438,True,1,update,0,1101.7780324478404,753.0022522796407,205.8680736661666,626.6421841904969,-5.0419114193596775,2.845885940642694,-3.9443077120115504,-6.893049851768518
252,True,0.9439934492111206,1114.9247436523438,733.2865295410156,200.3697509765625,618.6344604492188,True,1,update,0,1099.3962709727707,752.5484237057545,201.7301887969742,619.6102840664812,-4.831772903346912,2.5852250283368927,-3.957178581250892,-6.902281951898346
253,True,0.9485298991203308,1112.3998413085938,733.8606872558594,193.4561767578125,614.5950317382812,True,1,update,0,1097.1728674534563,752.0225372357907,197.23528567886248,612.9430591628427,-4.625728840253647,2.33946763761984,-3.9929292718750378,-6.886654151351209
254,True,0.9428139328956604,1109.4237670898438,735.0293884277344,190.6427001953125,612.3823852539062,True,1,update,0,1095.0152025152947,751.5347735428987,192.9185368006674,606.8443847537696,-4.430770591429869,2.1161378977581435,-4.014456921663368,-6.83426896033441
255,True,0.9413577318191528,1107.2404174804688,737.1041564941406,189.1680908203125,607.1010131835938,True,1,update,0,1093.0201441755855,751.2311726859323,188.93696497041816,600.8933549793865,-4.2383694510184045,1.9249985316125884,-4.0122708674568175,-6.775555158583814
256,True,0.9410544037818909,1103.7554931640625,738.1999969482422,186.013427734375,602.8014221191406,True,1,update,0,1090.9714115617796,750.9690998994776,185.06030240266233,595.1993970280039,-4.0654069387826635,1.7522386733644908,-4.0032568762395115,-6.703660534524128
257,True,0.9413338303565979,1099.043212890625,740.6060943603516,181.69384765625,596.2570495605469,True,1,update,0,1088.6808062025007,750.9497487566114,181.13636040444672,589.4624223294502,-3.9252129762583965,1.612298412338537,-3.997985112706959,-6.639408539633988
258,True,0.9442723989486694,1095.6148681640625,743.960205078125,182.894287109375,589.84375,True,1,update,0,1086.343489375383,751.3042438616623,177.85525827664588,583.697427173839,-3.799782742407323,1.5129426937311625,-3.9503396076623147,-6.581293243028061
259,True,0.9435854554176331,1090.9049072265625,744.4501647949219,181.399169921875,583.7764282226562,True,1,update,0,1083.7662991506963,751.5937428542811,174.8382703034921,577.9456226087095,-3.7032080753279573,1.416300790224732,-3.8883107556290173,-6.526166934183306
260,True,0.9274662733078003,1085.09521484375,747.6169128417969,177.4326171875,575.1480102539062,True,1,update,0,1080.7988874445252,752.2214608819048,171.75729193465142,571.8837996265246,-3.6450860229021544,1.3540090331690273,-3.8346597055904277,-6.4953090855308
261,True,0.9263813495635986,1080.2745971679688,745.31640625,173.9168701171875,566.007080078125,True,1,update,0,1077.6101179082657,752.3678462123637,168.66910718856832,565.4655247875985,-3.6090404826747817,1.2586159232776009,-3.785055191920358,-6.490190030577781
262,True,0.9271738529205322,1074.8269958496094,745.3284301757812,174.78350830078125,560.4158935546875,True,1,update,0,1074.1218403305963,752.4131529078066,166.1168010471367,559.1547231431541,-3.5995010815653057,1.1627732189833768,-3.7031401955712218,-6.4782698437487
263,True,0.9139983057975769,1069.9334106445312,744.7700500488281,176.0823974609375,554.3341674804688,True,1,update,0,1070.4362288566042,752.2883720176106,164.1157180621305,552.8828750379735,-3.606303217216401,1.0610651967352518,-3.5900439278920113,-6.464553778239865
264,True,0.9136188626289368,1066.4522094726562,740.5670471191406,180.1956787109375,544.0105590820312,True,1,update,0,1066.7746980853778,751.480467332893,162.97492523539293,546.1185137969513,-3.610665839217041,0.9134285818329572,-3.427303576091217,-6.484474468259231
265,True,0.9236602783203125,1064.0907897949219,734.8435668945312,184.70196533203125,529.4539794921875,True,1,update,0,1063.2995369409527,749.8277965281515,162.67965037710684,538.3664952348474,-3.5999617921567113,0.7107223314144184,-3.2192008637042764,-6.568694438050559
266,True,0.924396276473999,1059.0906372070312,736.7212982177734,183.6314697265625,529.3542785644531,True,1,update,0,1059.6105403549318,748.5182581609926,162.4699373337373,531.4935624844665,-3.606995026945743,0.5511333975668135,-3.019243826773193,-6.58890870542305
267,True,0.9532413482666016,1053.70263671875,734.2214202880859,182.171142578125,527.0769348144531,True,1,update,0,1055.6671228272075,746.8984267465505,162.2794818522612,525.1751116056661,-3.633570552696402,0.37963912732088645,-2.831295503838489,-6.57093914081324
268,True,0.9487866759300232,1048.8531494140625,736.0091857910156,182.65869140625,524.3618774414062,True,1,update,0,1051.5685371460631,745.6304130609653,162.33790261383706,519.3210088146328,-3.6703042939437496,0.2494832498190571,-2.6393010553316754,-6.523312112065517
269,True,0.9150632619857788,1044.4286499023438,735.1793518066406,182.8077392578125,518.6610717773438,True,1,update,0,1047.390936474043,744.3153430059705,162.5756195857535,513.5276692359499,-3.7103781262883455,0.12589150041797614,-2.4481516885462726,-6.474812663606977
270,True,0.9356471300125122,1042.8994140625,735.2014465332031,179.71142578125,513.6325073242188,True,1,update,0,1043.566345363465,743.0902628887991,162.56555210667344,507.8719832625112,-3.7194003881655404,0.019171412519416564,-2.2861658968985634,-6.420390062102279
271,True,0.931645929813385,1041.4443359375,736.5072784423828,177.870849609375,510.4454040527344,True,1,update,0,1040.0805032800045,742.1441175026767,162.46936915714244,502.57124379177986,-3.7009504075064403,-0.05708396314511498,-2.140664278589241,-6.346000910724967
272,True,0.938759982585907,1037.3228149414062,739.8543548583984,175.7713623046875,505.4870910644531,True,1,update,0,1036.517469436621,741.7605883419111,162.25114323349408,497.37823952496615,-3.6900556511756646,-0.08287158993266847,-2.0129383319967857,-6.269396328121318
273,True,0.9195935726165771,1034.66455078125,743.5291137695312,175.396728515625,502.8011474609375,True,1,update,0,1033.096025921249,741.9484138792158,162.12523985505595,492.5643798569865,-3.668836545508816,-0.06148777966895233,-1.8875645133886232,-6.172691076921816
274,True,0.7053205966949463,1031.8056030273438,745.5748443603516,172.6011962890625,500.4654235839844,True,1,update,0,1029.7749428999546,742.4261454112693,161.776746955948,488.14365618771404,-3.641365624320069,-0.0188919461709378,-1.7853090829658427,-6.056290917440218
275,True,0.9327493906021118,1031.2741088867188,746.9143676757812,172.4761962890625,495.9364013671875,True,1,update,0,1026.8851867829765,743.0662494888015,161.5455820670638,483.8113392813307,-3.5819919274096454,0.03316571115553916,-1.6820520062222515,-5.941750376452101
276,True,0.930867075920105,1029.9957275390625,746.7310333251953,170.764892578125,490.8352966308594,True,1,update,0,1024.281726362698,743.6304029329237,161.22055324079628,479.48358586175243,-3.5046924232416843,0.07511130838819513,-1.5918913717822971,-5.8345164015536355
277,True,0.9258975982666016,1028.6142578125,747.2649536132812,164.239013671875,486.4801025390625,True,1,update,0,1021.9229337324281,744.2259486330694,160.20256235859242,475.24628730400576,-3.4141715893662647,0.11622324104433554,-1.5537613025393933,-5.728396912049288
278,True,0.9343805909156799,1026.059814453125,746.8139953613281,157.167724609375,484.37103271484375,True,1,update,0,1019.6128202465237,744.7035833223895,158.46443681197633,471.3668080239023,-3.3269560636400817,0.14477308762034657,-1.5660105401571065,-5.605554049960137
279,True,0.9279453158378601,1024.540771484375,746.3340301513672,155.630126953125,479.3731994628906,True,1,update,0,1017.4928348024898,745.06558047936,156.74054949757263,467.45565687500834,-3.2316109346583195,0.1619327902458312,-1.5764999721717463,-5.492976857266927
280,True,0.9133425951004028,1022.432861328125,741.2989196777344,150.79541015625,467.33917236328125,True,1,update,0,1015.4560194796063,744.6531037455879,154.62024797526962,462.63193756562225,-3.137227592733253,0.11655708750963611,-1.6126305988837955,-5.448510829851474
281,True,0.9110265970230103,1021.2663269042969,738.8854370117188,149.07305908203125,459.7242431640625,True,1,update,0,1013.6270334700116,743.9093136790901,152.51785161634155,457.4997023621659,-3.033882563919944,0.04859364515594097,-1.645171136718026,-5.427497153873336
282,True,0.9091412425041199,1020.2247619628906,738.4270324707031,147.54876708984375,456.94219970703125,True,1,update,0,1012.0014129652405,743.1492242115028,150.45892792317852,452.6784101352686,-2.9226364046586646,-0.015288563249589493,-1.672661352965397,-5.387220171234295
283,True,0.9147940278053284,1014.838134765625,742.4252319335938,139.8564453125,450.2861328125,True,1,update,0,1009.9208667732506,743.0303143000839,147.6747073101917,447.6639921019911,-2.8561152048074825,-0.0234741665337986,-1.746514862560342,-5.362450689963389
284,True,0.9137847423553467,1013.2352600097656,744.427490234375,140.43695068359375,447.65673828125,True,1,update,0,1007.9669570402523,743.2145569378748,145.2446593624287,442.96814004220636,-2.784845194250123,-0.007065510967255849,-1.7919298286185283,-5.318160874562544
285,True,0.9082900285720825,1011.0731811523438,745.1768188476562,137.1553955078125,441.6690673828125,True,1,update,0,1006.0434597609114,743.4954316936788,142.66885773917883,438.1502622841182,-2.7168027521236646,0.015680418521316138,-1.844011547597041,-5.284921249332548
286,True,0.9198670387268066,1008.5747680664062,745.8299865722656,136.8748779296875,437.15069580078125,True,1,update,0,1004.0939963314514,743.8501604932259,140.33316746544452,433.3987675417066,-2.6561865575250616,0.042463644710291674,-1.8766795360292416,-5.249479465844322
287,True,0.9182920455932617,1005.1806030273438,748.4033813476562,134.6934814453125,433.6024169921875,True,1,update,0,1001.9850527989852,744.5521530655624,137.9880819622039,428.82807460869725,-2.6129569406349815,0.09456331809789323,-1.9078012844598924,-5.204379648182369
288,True,0.9153245687484741,1002.0749206542969,748.160400390625,130.82891845703125,425.7288818359375,True,1,update,0,999.7672824937606,745.1604607309409,135.42660974057588,423.88574115347103,-2.581739064858295,0.13514669257797562,-1.9512324251074327,-5.186968800590251
289,True,0.9262236952781677,998.3099975585938,747.8308715820312,130.4447021484375,420.9852294921875,True,1,update,0,997.3499526059614,745.6662945711067,133.09812977032223,418.98338231447246,-2.568751518488077,0.1644292217181054,-1.976297492595345,-5.1680587560139175
290,True,0.9146966338157654,995.3223876953125,748.3638916015625,124.93701171875,417.2431640625,True,1,update,0,994.8603292919237,746.201104392369,130.351968247141,414.2420087114848,-2.562500765578001,0.1936875326644935,-2.027448806922145,-5.139708936417314
291,True,0.9272481203079224,991.7536926269531,744.93408203125,127.36541748046875,413.365234375,True,1,update,0,992.2182691061365,746.1812180138597,128.20513392390748,409.63293433695196,-2.5687855820954453,0.17681620754535934,-2.0353810250486926,-5.104452489736
292,True,0.9258530139923096,990.084716796875,744.6172790527344,129.88330078125,411.79693603515625,True,1,update,0,989.7131200235139,746.1035142380132,126.63200177241949,405.4332324704231,-2.5637586009632742,0.15671033803851103,-2.004668251219527,-5.0443389819446
293,True,0.9128541946411133,987.0902709960938,742.6601257324219,135.0018310546875,404.15936279296875,True,1,update,0,987.1407216704191,745.7338455410243,125.91871304443735,400.8582277224592,-2.564441100312884,0.11512889639660233,-1.9188662939375574,-5.013155433521884
294,True,0.9223073124885559,983.7022094726562,739.9175720214844,137.7032470703125,401.43145751953125,True,1,update,0,984.4484805600982,744.9817300103608,125.70559593282816,396.5404451027549,-2.5745366933865954,0.046620710595212764,-1.8055327303929252,-4.966953401125522
295,True,0.915871262550354,980.938232421875,739.1906127929688,137.145751953125,400.030029296875,True,1,update,0,981.7371312837846,744.1748012546262,125.54883815474284,392.6261306117474,-2.585344236723146,-0.020805637551208525,-1.6959846453678382,-4.897013851968174
296,True,0.9257259964942932,974.7478332519531,738.7831420898438,133.36004638671875,399.4886474609375,True,1,update,0,978.5078745844552,743.3687104660685,125.03627417851828,389.19290022044083,-2.63621025836403,-0.08283942910678957,-1.6173556791185073,-4.799756990291073
297,True,0.9083861112594604,971.6871643066406,738.3878173828125,135.65350341796875,398.693115234375,True,1,update,0,975.2598387460954,742.5697151034283,124.9418350036454,386.1731515851886,-2.6845415688903564,-0.13941234129054386,-1.5161698970417912,-4.681489483828588
298,True,0.918122410774231,968.9155883789062,738.4595947265625,138.1004638671875,397.847412109375,True,1,update,0,972.0402025761969,741.8497362337289,125.25233054654052,383.52756622320294,-2.726811497221686,-0.18527433560179193,-1.394802404839926,-4.546219733698506
299,True,0.9128652215003967,966.65673828125,738.3138122558594,139.7822265625,396.95037841796875,True,1,update,0,968.9249556598006,741.1745555771295,125.83977652914382,381.2180660569904,-2.757496047963041,-0.22397460499819238,-1.2630976682671113,-4.397607398690903
300,True,0.9203376770019531,963.5075988769531,739.2132568359375,139.85931396484375,395.8692626953125,True,1,update,0,965.7785551634189,740.6965627537902,126.47900551880282,379.19158428386737,-2.788217650036465,-0.24404083631801396,-1.1367031143582969,-4.240064862840544
301,True,0.9172806143760681,962.2398071289062,739.9773559570312,141.9119873046875,395.0777587890625,True,1,update,0,962.8806007159544,740.3830467945137,127.40483626655445,377.456760194368,-2.7968863352827418,-0.24952904070787596,-0.9996640775608732,-4.073611458689838
302,True,0.9239108562469482,958.9249267578125,741.8994750976562,140.142578125,392.1072998046875,True,1,update,0,959.9142853435706,740.3917224898834,128.1151542400448,375.71386258357114,-2.8102704237788574,-0.22913209401617704,-0.8860493313358081,-3.9187540072979843
303,True,0.926576554775238,958.0382995605469,742.4515686035156,140.23663330078125,389.25433349609375,True,1,update,0,957.2406188511083,740.4972672258427,128.84823438924082,373.9683689315722,-2.7994793624954957,-0.2026942151968829,-0.7784710323955021,-3.7743581112386506
304,True,0.9235439896583557,955.04931640625,742.2600402832031,140.64111328125,387.81610107421875,True,1,update,0,954.5300624499545,740.5819485509327,129.63459884522896,372.3875439233495,-2.7924548711471626,-0.17999291323832162,-0.6745001516139539,-3.6286152708972508
305,True,0.9107959866523743,954.5308227539062,742.6255798339844,136.0728759765625,386.11126708984375,True,1,update,0,952.1460100614239,740.7270768994815,129.84547103861647,370.9188838939028,-2.7601930156572236,-0.15430987846027283,-0.6156742034230341,-3.4851034299801262
306,True,0.91316157579422,954.1376037597656,741.9157409667969,126.73480224609375,383.80145263671875,True,1,update,0,950.0805868210324,740.7691263617605,128.91922911153145,369.4711679238229,-2.7053095044145152,-0.13879842348808397,-0.6363089554471628,-3.3497352580516444
307,True,0.915216863155365,954.8578491210938,742.1669311523438,114.4171142578125,382.5120849609375,True,1,update,0,948.4693215198732,740.8549982632605,126.55695591293329,368.16168045165034,-2.618885209874522,-0.1210505351638366,-0.7509855231517262,-3.2141770538305066
308,True,0.8993586897850037,958.9731750488281,738.7004089355469,103.54058837890625,375.54132080078125,True,1,update,0,947.7691424157982,740.4366192987727,123.03445818806686,366.26618251056556,-2.4673165420075622,-0.14453806867165225,-0.9351304031655987,-3.12656134467248
309,True,0.8984972238540649,966.3369140625,740.1619873046875,94.472900390625,379.80615234375,True,1,update,0,948.3774149620933,740.2730598951836,118.66049279686949,365.21420901344845,-2.2243596130755345,-0.1460406637788199,-1.1636135421116167,-2.988721539890216
310,True,0.8852883577346802,968.0994873046875,740.832275390625,88.0792236328125,380.138427734375,True,1,update,0,949.3618941225535,740.2301363719746,113.8350791141823,364.45522352078586,-1.970876591090391,-0.13789489945257752,-1.406910919922238,-2.840573385246518
311,True,0.8962657451629639,967.7128295898438,736.001708984375,86.9769287109375,370.80810546875,True,1,update,0,950.362316856359,739.4941552198995,109.26009298636787,362.7590171096938,-1.73615805668554,-0.1851408727838457,-1.6174042070413854,-2.764539342411841
312,True,0.9035758972167969,968.7640991210938,740.902587890625,87.0452880859375,379.990234375,True,1,update,0,951.5705738108227,739.5420144349097,105.07880147095251,362.4834746728147,-1.5035632549259437,-0.16673497245214136,-1.7877540275380166,-2.5991653906436265
313,True,0.8951505422592163,972.6951293945312,740.3725280761719,92.9503173828125,379.80828857421875,True,1,update,0,953.3755203503816,739.52108949773,102.00387217317827,362.3643714517786,-1.2422066941439298,-0.15521667215578624,-1.8732765337694428,-2.434385086625154
314,True,0.8909740447998047,978.0054931640625,740.2784423828125,99.981689453125,380.28759765625,True,1,update,0,955.9161450945263,739.4993017394276,100.11206035731524,362.46402526205077,-0.9433809759089911,-0.14467642164080385,-1.8745080550473976,-2.2660184653383095
315,True,0.9139748215675354,980.2261352539062,740.6571960449219,102.8231201171875,382.69891357421875,True,1,update,0,958.665118149251,739.545077208299,98.80834650692071,362.99883489617866,-0.6517025430321348,-0.12963162677493598,-1.836583345298295,-2.079925838847844
316,True,0.9218716621398926,982.849609375,739.9261169433594,105.3251953125,383.96185302734375,True,1,update,0,961.644773166702,739.4901120271151,98.01156686867634,363.78720775524243,-0.3648425415527799,-0.12373333217410713,-1.7674967062443077,-1.8893503335891715
317,True,0.9191703796386719,986.1305541992188,739.6611022949219,110.7322998046875,384.86688232421875,True,1,update,0,964.9133980021014,739.4094709168547,98.04751022290682,364.7569548187926,-0.07781587459495959,-0.12032925129363392,-1.6476725409502337,-1.699386183066482
318,True,0.9256492853164673,987.544677734375,738.9014587402344,115.676513671875,384.61297607421875,True,1,update,0,968.1559317284951,739.2324576448189,98.79932534267442,365.740704161657,0.18447597505352986,-0.12480701973150779,-1.4882457816607926,-1.521113292300477
319,True,0.9289218187332153,989.579345703125,738.68505859375,120.77490234375,386.61865234375,True,1,update,0,971.4458021475227,739.0458624628822,100.23176729639853,367.0077411523755,0.4297873880803004,-0.1296879911032064,-1.2941894474430349,-1.335863011479353
320,True,0.9291176199913025,992.2553100585938,739.0964050292969,124.8265380859375,388.12469482421875,True,1,update,0,974.8553557974653,738.942526400111,102.16013739821713,368.46671957710424,0.6651747712648404,-0.12760631391552496,-1.0800761461332045,-1.1501681570022206
321,True,0.9291395545005798,992.9715576171875,738.6534423828125,126.928955078125,388.6806640625,True,1,update,0,978.0720857570096,738.7913100562118,104.29763339481184,369.9758750319709,0.8667355132157922,-0.1294713941547583,-0.8662942175845797,-0.973477377382836
322,True,0.9258188009262085,992.1820983886719,739.09033203125,125.05670166015625,389.200927734375,True,1,update,0,980.8751515702695,738.7244896725823,106.12318211096154,371.51663391351843,1.0196964107785949,-0.1245222618693544,-0.6874427884902372,-0.80642649103461
323,True,0.9326778650283813,992.7219848632812,738.7460632324219,126.9564208984375,392.17913818359375,True,1,update,0,983.4779088064644,738.6213284200563,108.1145519184488,373.3825782738447,1.144750697565698,-0.12283484358092665,-0.509457120232347,-0.6288688251767633
324,True,0.9308778047561646,993.5705261230469,738.3706359863281,128.86920166015625,394.52301025390625,True,1,update,0,985.9309478602332,738.479799221322,110.25196990248884,375.46346917254965,1.248099264221728,-0.12431160885252046,-0.33359344184824136,-0.4488269668322815
325,True,0.9383252263069153,993.5782470703125,737.21728515625,130.804931640625,397.120361328125,True,1,update,0,988.1146890079845,738.1890683883499,112.51825532948911,377.76627796047904,1.3220105293300453,-0.13745793717486537,-0.1608522863773864,-0.26600278013354817
326,True,0.9394527077674866,994.7507934570312,736.5923156738281,131.2838134765625,398.28765869140625,True,1,update,0,990.2136855489323,737.8382435732171,114.71329052748348,380.0878095053958,1.3833887340512323,-0.15431290717459292,-0.004322405893939479,-0.09408181984416217
327,True,0.9414656758308411,995.9042358398438,736.0367431640625,132.9647216796875,398.9051513671875,True,1,update,0,992.2268343755638,737.4430915565617,116.9813747694217,382.34774965223494,1.4331367903865102,-0.17333805298384458,0.14666084156882372,0.06232411281212202
328,True,0.9416959881782532,997.9792175292969,735.9815979003906,134.86383056640625,400.05035400390625,True,1,update,0,994.291498206032,737.0814092817366,119.33571977484179,384.60586862099376,1.4830244271716715,-0.18821635198524436,0.29334379841456765,0.2082171202317469
329,True,0.9401566386222839,999.4638671875,735.3297119140625,135.437255859375,400.793212890625,True,1,update,0,996.313950267052,736.6645927400841,121.59680709007093,386.80310657823776,1.5256366482747563,-0.20627468124956383,0.42408461884513304,0.34037164843237483
330,True,0.9390443563461304,1002.9525146484375,736.8956298828125,136.025634765625,401.886962890625,True,1,update,0,998.5871599511402,736.522258436034,123.7641487311148,388.9786909876645,1.5846913675538519,-0.20122369513153182,0.5399101074903507,0.46230686056879366
331,True,0.9332882761955261,1003.8638916015625,737.9831848144531,137.800048828125,403.71453857421875,True,1,update,0,1000.7116731010888,736.5640615625423,125.98398821184074,391.2177137723172,1.6273347245094747,-0.18202573046437362,0.6515279807448195,0.5803554261710735
332,True,0.9376456141471863,1005.8464050292969,739.2719116210938,137.04620361328125,406.1612548828125,True,1,update,0,1002.8518325145798,736.8045712811951,127.93139886241427,393.5859437796467,1.6678454393033941,-0.14864743679543274,0.7376290219115236,0.6991453957395164
333,True,0.9200677275657654,1008.1229248046875,742.3356018066406,137.328125,410.00482177734375,True,1,update,0,1005.0465170422459,737.4863627467893,129.74687927004337,396.24182153925574,1.7094632250853807,-0.08304670763904762,0.8092436279145359,0.829154615144633
334,True,0.9224056601524353,1009.7366333007812,743.9026794433594,138.9635009765625,414.69073486328125,True,1,update,0,1007.1917884680145,738.353603053099,131.60264125616257,399.2642165182311,1.7438900030865536,-0.007978546885470922,0.8787764049663014,0.9748779004014625
335,True,0.9371383190155029,1011.605712890625,740.3721923828125,138.887451171875,409.7998046875,True,1,update,0,1009.3260704029844,738.6419337008266,133.27881627953525,401.429175167756,1.7747291115545825,0.015428472180373489,0.9317571673614269,1.0539492505955868
336,True,0.938869059085846,1012.8257141113281,741.2013854980469,142.03045654296875,411.46405029296875,True,1,update,0,1011.3530032826942,739.029329730151,135.18396266838806,403.60103581651003,1.794652011407039,0.044812142549580686,0.9964310982719441,1.1282255246001458
337,True,0.9357135891914368,1014.2223510742188,742.7825927734375,143.2589111328125,416.97900390625,True,1,update,0,1013.3047890593599,739.6163630892443,137.06150060932316,406.254062572314,1.807064832561904,0.08764504339842635,1.0549736030487014,1.2295363748161618
338,True,0.9381675124168396,1016.4455261230469,742.3284912109375,147.39068603515625,423.1181640625,True,1,update,0,1015.3068532053644,740.0877398970639,139.270892725763,409.4297299783043,1.8224688521825174,0.117958030269208,1.131675483157533,1.358841221626614
339,True,0.9406652450561523,1016.3095703125,741.4058227539062,149.72802734375,429.757568359375,True,1,update,0,1017.0094642516052,740.3811709646743,141.56336579205987,413.14975961316634,1.8130006547728028,0.13181956681725676,1.208801201510308,1.5157233130283927
340,True,0.9430964589118958,1017.7371215820312,739.9986572265625,151.1336669921875,434.24951171875,True,1,update,0,1018.6637743389846,740.4377886648033,143.81297462018762,417.10322813106916,1.8004648536427859,0.12587897651693325,1.277954546659792,1.6776919912240462
341,True,0.9273046851158142,1018.5602416992188,740.5029296875,148.9586181640625,439.253173828125,True,1,update,0,1020.1858512984422,740.5547870040716,145.57236434072271,421.32922817642657,1.778473532193183,0.12517744835249234,1.309942064724355,1.8470066868237032
342,True,0.9287996292114258,1019.1880493164062,739.3356628417969,149.1522216796875,442.04644775390625,True,1,update,0,1021.5583991417965,740.4834109927605,147.1648568006726,425.5251269874414,1.7464073307004844,0.10965065856077374,1.3287152794033328,2.003071788307653
343,True,0.936945378780365,1018.8911743164062,737.584716796875,149.1104736328125,446.205078125,True,1,update,0,1022.6594790674837,740.1532045654458,148.57036163232334,429.85302547823665,1.6954295306567067,0.07490403785722048,1.3338173311926285,2.15753793493931
344,True,0.9264932870864868,1020.41845703125,737.0266723632812,149.848388671875,448.0491943359375,True,1,update,0,1023.779350874992,739.760019177636,149.8972344008122,434.00699101463675,1.64996320411169,0.03792719639772724,1.3333559205250323,2.290184586959424
345,True,0.9182605147361755,1022.1549072265625,734.2635498046875,150.624267578125,448.86376953125,True,1,update,0,1024.9505554507657,738.9887494020194,151.15511757894424,437.8614172815065,1.6121435463134954,-0.025995521150256377,1.328341360223118,2.3941159399482066
346,True,0.9309967160224915,1025.6585388183594,734.456787109375,153.24835205078125,451.975830078125,True,1,update,0,1026.4304996380956,738.3039260173855,152.57866991618803,441.7144310697325,1.6017004248279987,-0.0780397932956515,1.334667368401014,2.49104803756669
347,True,0.9309132099151611,1026.4912109375,735.5753173828125,151.6396484375,457.5999755859375,True,1,update,0,1027.8068884650731,737.8383403997952,153.63031716938534,445.87277493862337,1.5839018787037074,-0.10865407278585443,1.3158629445949175,2.6018265149190563
348,True,0.9255821108818054,1029.125244140625,736.4076385498047,153.076416015625,460.5531311035156,True,1,update,0,1029.351964216877,737.5363866520142,154.71343901082852,449.9780907534271,1.580834799081292,-0.12392382904369426,1.3003991591443924,2.701721357925878
349,True,0.9293297529220581,1035.65380859375,736.8086242675781,162.6953125,463.32293701171875,True,1,update,0,1031.6230687874208,737.3241741858129,156.84552260947456,454.0046277029547,1.6353628326267708,-0.1308982120568906,1.3556579405008653,2.789744761559393
350,True,0.9295520782470703,1039.2413330078125,737.5851287841797,163.971923828125,465.5027160644531,True,1,update,0,1034.1332055228663,737.2505696829597,158.91950066186868,457.8783538595622,1.7044658162571007,-0.12637228114324078,1.4033845686686275,2.8617666583790125
351,True,0.9097655415534973,1041.0687866210938,738.7279663085938,161.3311767578125,471.847900390625,True,1,update,0,1036.6025248499402,737.3586881772568,160.44839351390814,462.1227745878897,1.7648856109806152,-0.10784862358489614,1.4117235906057382,2.9536329664111984
352,True,0.9350439310073853,1040.9558715820312,738.8096618652344,152.4400634765625,478.20465087890625,True,1,update,0,1038.7458753712465,737.4787585830703,160.68754476012992,466.7105612078532,1.7947825413975098,-0.08984410275164752,1.3338155335612765,3.0622094109010756
353,True,0.9418401718139648,1045.2063293457031,739.1039428710938,151.92523193359375,485.7777099609375,True,1,update,0,1041.2228365654819,737.6396727632333,160.76463274559225,471.76500441963077,1.848671415000835,-0.07003538936438816,1.250316036106217,3.194577418141636
354,True,0.9403623938560486,1050.0404052734375,739.6893310546875,154.928466796875,489.28271484375,True,1,update,0,1044.0904466338543,737.8795627083801,161.13285053467362,476.74247080066465,1.9291627292229239,-0.04555275991168667,1.1917076603848673,3.3130361346837782
355,True,0.9309017658233643,1056.1234130859375,737.7410888671875,161.06982421875,494.38623046875,True,1,update,0,1047.4969099640946,737.820423741433,162.1683736957266,481.83934073788345,2.0458624603437174,-0.04662600574052245,1.181330449175118,3.431557628245429
356,True,0.9360837936401367,1060.9246826171875,735.3438110351562,164.3134765625,500.4818115234375,True,1,update,0,1051.206947939887,737.4185037383392,163.46967085922745,487.16429481539035,2.177324422152302,-0.07469254408175502,1.1893012781487813,3.5573586836567133
357,True,0.9379690289497375,1066.0195617675781,733.9909057617188,172.92742919921875,502.8082275390625,True,1,update,0,1055.231707362248,736.8535751062936,165.68819813305532,492.2261441322623,2.323263012875876,-0.1134188666810309,1.2576851163814262,3.6573200570734747
358,True,0.9382328987121582,1068.7005920410156,731.5617370605469,177.00701904296875,508.04937744140625,True,1,update,0,1059.184597596455,735.9830075483472,168.19825505543017,497.3978306648235,2.451995823534363,-0.17323001725408527,1.340895209537335,3.7579376012360615
359,True,0.9350009560585022,1073.1485290527344,729.5602111816406,181.71417236328125,512.7478637695312,True,1,update,0,1063.3197802569111,734.8960139250887,171.0546505746884,502.59870809680194,2.5849595894459236,-0.24541300225738338,1.4415880879101741,3.8538094159393035
360,True,0.935845673084259,1077.36572265625,728.7230987548828,184.16552734375,515.3291931152344,True,1,update,0,1067.580476752749,733.7839270685632,173.94878720546544,507.5574522319182,2.7173348462285976,-0.31387612052371006,1.538098324700554,3.9272234934992967
361,True,0.9333056211471558,1081.2410888671875,730.9524841308594,186.25927734375,524.3750610351562,True,1,update,0,1071.8978535761275,733.1019516584904,176.82779177198714,513.0892217185842,2.8437305631100345,-0.342954216130298,1.6271908232198575,4.033832745557226
362,True,0.9335699677467346,1085.0831909179688,734.7298889160156,187.6380615234375,535.0441284179688,True,1,update,0,1076.2536544771806,733.0471660606785,179.59805723134602,519.3538013899919,2.9631769383106152,-0.3201902639245294,1.7031389933059458,4.182048042780301
363,True,0.9284689426422119,1090.17333984375,735.6678009033203,191.6728515625,539.8196716308594,True,1,update,0,1080.8188079512713,733.1569606635023,182.59222031830785,525.5627975051616,3.08972547613556,-0.2862235016414836,1.788917221907338,4.3167225356661945
364,True,0.9315218925476074,1092.1650390625,736.6154022216797,195.02197265625,542.3963928222656,True,1,update,0,1085.1157362860145,733.4182533345049,185.7056681057509,531.4375726187643,3.1850887684202314,-0.2429723244013343,1.8769216876612973,4.420242672011582
365,True,0.9368578195571899,1093.8848571777344,735.5506286621094,194.62310791015625,540.7854614257812,True,1,update,0,1089.1172793560158,733.5225861053124,188.45896663229664,536.4711898849931,3.2495847805391334,-0.2155368713868127,1.9351499215057892,4.460996509540899
366,True,0.9284681677818298,1096.9067993164062,738.0078887939453,198.9666748046875,549.1646423339844,True,1,update,0,1093.0306585998824,733.9943699002603,191.4611959044905,541.9569311068292,3.302021390485682,-0.16124180313913417,2.0060488124911107,4.529082602293
367,True,0.9272266030311584,1098.0252075195312,741.5353698730469,201.6610107421875,559.6813354492188,True,1,update,0,1096.580148370065,734.9592907500061,194.48717345627134,548.1285170251185,3.3215702171439,-0.07228030221058176,2.0738149223432316,4.6382138149518335
368,True,0.9362725615501404,1097.0867919921875,741.870849609375,201.117431640625,567.974609375,True,1,update,0,1099.4901416341415,735.9081337864715,197.12815705505892,554.659749548785,3.289057592614332,0.008383591774049334,2.1114987460773404,4.763989772453203
369,True,0.9304100871086121,1099.9024047851562,740.9761199951172,206.7745361328125,573.4112854003906,True,1,update,0,1102.3585764321977,736.6562936240867,200.177568962551,561.1648557008017,3.2558303895697334,0.06682240166770685,2.1738155765385443,4.879673034723262
370,True,0.9301615357398987,1100.4737548828125,736.6121520996094,206.73193359375,584.0410766601562,True,1,update,0,1104.862780166367,736.7068917324801,202.896658575513,568.2846703721336,3.196455453603789,0.0655407595554557,2.2100446765031276,5.028512535352805
371,True,0.9436834454536438,1099.1523742675781,734.9792175292969,203.62884521484375,588.7498168945312,True,1,update,0,1106.7569427419637,736.5102423689028,204.92274512094474,575.2346762220425,3.093580501411812,0.04482898508597552,2.19782212953635,5.156180402745948
372,True,0.9464865326881409,1093.6150207519531,732.5330505371094,190.19500732421875,594.6848754882812,True,1,update,0,1107.476692729021,735.9670023521502,205.01373811468792,582.1701215673004,2.9060591651592325,-0.0016256730569046349,2.0578401786787635,5.274398332009381
373,True,0.9471284747123718,1095.5430908203125,730.0225067138672,192.019775390625,599.6212463378906,True,1,update,0,1108.2130105943077,735.0964558635076,205.19798728431903,588.9602323573039,2.734659907539937,-0.07026629059509851,1.9333550364795666,5.375105305919552
374,True,0.9453980922698975,1094.9375,727.4071044921875,190.486083984375,604.349365234375,True,1,update,0,1108.6067863008586,733.9121854535059,205.05940405776866,595.5818456159599,2.549741173566518,-0.15826732512504543,1.7956913051430512,5.457925792888797
375,True,0.9491469264030457,1096.2998046875,724.7660522460938,188.743896484375,608.0877685546875,True,1,update,0,1108.9842915418742,732.4397813899857,204.6006824131853,601.9170792083916,2.3781448518137585,-0.2620778860358882,1.645903589855585,5.516215881629354
376,True,0.9504513144493103,1098.3605346679688,728.6503601074219,190.4898681640625,622.7490844726562,True,1,update,0,1109.461398154962,731.6619624362679,204.28524987178062,609.3397461289945,2.227971859834172,-0.30281898089805104,1.5155884858500182,5.642884310087732
377,True,0.950474739074707,1102.5032348632812,731.3082275390625,199.5106201171875,635.243408203125,True,1,update,0,1110.3462438662123,731.3516989210316,205.01785598563905,617.5046147686701,2.1218712732020766,-0.3034070637533568,1.46356556758768,5.8104500041956575
378,True,0.9440464377403259,1110.7513122558594,731.5008392333984,210.82843017578125,640.4880676269531,True,1,update,0,1112.2170974037906,731.1144598598511,207.0225206045195,625.4526946602282,2.102042064283156,-0.2981801058115011,1.4995172731744304,5.95247841873507
379,True,0.94526207447052,1117.4129638671875,731.5450286865234,215.9697265625,643.9433898925781,True,1,update,0,1114.7714947166126,730.9228318274445,209.44909775531602,632.9658824797928,2.1377759804805976,-0.289762998075906,1.5611129897112908,6.056175079727987
380,True,0.9432491660118103,1120.9573974609375,734.0090026855469,214.68212890625,656.1536254882812,True,1,update,0,1117.5011567100487,731.1266719566178,211.46727711087988,641.1545297854124,2.184532164373018,-0.25077069536495417,1.5914813952364806,6.197860808902762
381,True,0.9453808069229126,1117.7142028808594,735.1063842773438,202.37652587890625,665.5235595703125,True,1,update,0,1119.3974333299686,731.4944500052383,211.72907493700652,649.614268392909,2.161761345415563,-0.20190828235438404,1.503134553587348,6.3481445037188475
382,True,0.9375013113021851,1122.5771179199219,736.3707885742188,201.29766845703125,677.0018310546875,True,1,update,0,1121.7080275963501,732.0350439855318,211.74664334810655,658.5813194122072,2.1735184392978644,-0.1432541300801063,1.404430561299863,6.522149902147343
383,True,0.953280508518219,1132.2562255859375,731.6371459960938,208.628173828125,683.7686767578125,True,1,update,0,1125.106027376764,731.8545577855509,212.58808056029494,667.4268431368148,2.270246649637195,-0.1461952867705432,1.3670241546785062,6.676519516057574
384,True,0.9443004727363586,1140.1527099609375,728.6224365234375,213.156982421875,689.54296875,True,1,update,0,1129.2443463883176,731.2571620971195,213.85575749643746,676.0252259240839,2.4178154939185377,-0.18183797554951256,1.3604233263398875,6.804211964125125
385,True,0.9463809132575989,1144.22265625,725.83837890625,218.71142578125,697.658447265625,True,1,update,0,1133.4986609263085,730.309618202663,215.65125558228308,684.6752964089254,2.562890196045979,-0.2423251064637349,1.389330565458304,6.926854504220375
386,True,0.9471761584281921,1152.18115234375,721.3759460449219,230.759765625,705.8765258789062,True,1,update,0,1138.418435442919,728.7965110645354,218.7482972760311,693.3789706580013,2.7490728634741752,-0.34271085145370606,1.5027943158878012,7.044909969661064
387,True,0.945972204208374,1155.3248291015625,717.8442840576172,232.220458984375,712.2503967285156,True,1,update,0,1143.2374830498777,726.9025582231496,221.74099278670718,701.896000238591,2.9125910369748196,-0.4652516011172347,1.601786337740799,7.142720547439667
388,True,0.9551137089729309,1163.925537109375,714.8026580810547,249.55517578125,719.8399963378906,True,1,update,0,1148.7490658058875,724.7361776458944,226.60559827075033,710.3832223642926,3.1178990390060295,-0.5996327108107985,1.8185745820641344,7.2320519273206685
389,True,0.9562914967536926,1169.3515014648438,711.3231506347656,257.8880615234375,726.5448608398438,True,1,update,0,1154.4234195391448,722.2630688046975,232.09172532188975,718.7267951624289,3.319846818106645,-0.7476284271363398,2.0622541196308823,7.305903601994712
390,True,0.9559889435768127,1176.3495483398438,709.177978515625,270.4356689453125,730.498046875,True,1,update,0,1160.4637340454076,719.7115514339959,238.67018575119687,726.5885282637577,3.5347508447547953,-0.8901270862036725,2.362319919473573,7.342834028077436
391,True,0.9512859582901001,1182.4039306640625,705.9584503173828,279.042236328125,735.5093688964844,True,1,update,0,1166.6895878499506,716.9406990499568,245.7638119513871,734.1277865345343,3.7473351973280793,-1.03869545232818,2.676677392554938,7.355884848490076
392,True,0.9489277005195618,1189.0744018554688,703.7704162597656,284.1348876953125,736.7814331054688,True,1,update,0,1173.1619520957374,714.1282160462212,252.88359189124014,740.8983546993434,3.96259954977619,-1.1788162443800099,2.971886031890404,7.316995234772997
393,True,0.9511404633522034,1196.4991455078125,702.9326324462891,296.196533203125,740.7716979980469,True,1,update,0,1179.957355997444,711.48482499017,260.87697859981466,747.2887925355916,4.1863776393255225,-1.2945106985820862,3.3055246023274116,7.255432903952849
394,True,0.9493421912193298,1204.7592163085938,699.8992462158203,297.4215087890625,746.7237243652344,True,1,update,0,1187.1579712225973,708.6856333347512,268.319967824437,753.5707592978164,4.424488092645282,-1.4133733477702406,3.5804260452815475,7.190753862206842
395,True,0.9502843022346497,1212.0646362304688,696.007080078125,302.8336181640625,756.882568359375,True,1,update,0,1194.5772059568933,705.6251518773661,275.75084363232264,760.278676907821,4.661058853946232,-1.5434870655777004,3.8362576456432853,7.1586732537768265
396,True,0.9429171681404114,1215.3383178710938,693.1308898925781,305.3182373046875,762.4086303710938,True,1,update,0,1201.592290949377,702.4805265856853,282.7900149368478,766.8113943045781,4.847015738569106,-1.6699693809192446,4.04906564930301,7.11708349192294
397,True,0.9407244920730591,1221.1640625,688.1604156494141,306.33203125,776.3334655761719,True,1,update,0,1208.5922474227023,698.9609506372565,289.2654887271791,774.227841501273,5.017087831337656,-1.8160795151447582,4.210281069869777,7.136973816535345
398,True,0.9437304139137268,1223.4180908203125,681.9374694824219,303.76123046875,786.8286743164062,True,1,update,0,1215.0434961790454,694.921361620305,294.75606470665025,782.0449356435738,5.1303797329422665,-1.991726205347708,4.295346429984052,7.182162374264037
399,True,0.9429774880409241,1226.5501098632812,676.0728454589844,300.8582763671875,798.8181762695312,True,1,update,0,1221.1061598821461,690.4649650179288,299.2763228280841,790.4209588525804,5.204025738751794,-2.186423460892368,4.310290013594046,7.261484881189632
400,True,0.9481464624404907,1228.39208984375,668.9426422119141,296.92724609375,809.1530456542969,True,1,update,0,1226.6145856710211,685.451394820302,302.75768027164804,799.110260505197,5.228071896979713,-2.4097546257117513,4.255214072065886,7.356351889507544
401,True,0.9524771571159363,1231.1318969726562,664.2665557861328,294.1402587890625,820.0118103027344,True,1,update,0,1231.7387356111337,680.2964915118281,305.4105577736946,808.1526669609228,5.219862555959015,-2.626608333712706,4.148751618508809,7.468376734542791
402,True,0.8997367024421692,1235.43896484375,658.0395889282227,293.77978515625,834.2906951904297,True,1,update,0,1236.7364090506499,674.7996922788376,307.595134407724,817.9449706964967,5.202310671035384,-2.8533397829370566,4.018247895398671,7.622783102746855
403,True,0.9465205073356628,1239.1727905273438,653.4485931396484,290.7694091796875,836.9521789550781,True,1,update,0,1241.534306792333,669.241752152906,309.0188040399252,826.9848436157296,5.170363970354196,-3.0669903646785532,3.845858914822411,7.716937390676469
404,True,0.9398541450500488,1244.9658203125,649.1750183105469,291.09130859375,845.4036254882812,True,1,update,0,1246.450429401157,663.689189824885,310.15439886030737,836.0339057843624,5.150280110299093,-3.2633387446911337,3.6657835357289685,7.805446431135793
405,True,0.9370648264884949,1252.7386474609375,647.5047302246094,294.061279296875,849.1631469726562,True,1,update,0,1251.7670900610783,658.5366240000461,311.36066951036474,844.5020378787756,5.163423383503708,-3.4125787112395543,3.5023685695708853,7.849476594941317
406,True,0.8671755790710449,1261.43505859375,645.3803863525391,294.9921875,853.3820495605469,True,1,update,0,1257.5891334493533,653.6994022932134,312.3895903988916,852.4797915502567,5.215451235800062,-3.525118741625486,3.3380277476763265,7.857999581034918
407,True,0.9289735555648804,1274.9463500976562,639.8162078857422,308.4468994140625,865.0411682128906,True,1,update,0,1264.5798603964852,648.6598052594297,314.8213420517022,860.9232495689541,5.355689585417968,-3.6447553337721117,3.2778129473249633,7.896898613170473
408,True,0.9339564442634583,1290.0016479492188,636.3648834228516,317.0169677734375,870.8918151855469,True,1,update,0,1272.8694607545408,643.7502889975974,317.9644484612863,869.0780213881504,5.587454602003599,-3.744665440174305,3.26886277494147,7.914032225879422
409,True,0.9366681575775146,1303.200439453125,624.5530700683594,312.894775390625,892.8674926757812,True,1,update,0,1282.074723463443,637.7462698345336,320.1953621022626,878.9681677101455,5.873244259861935,-3.9231436536025788,3.19989935393694,8.045329207498163
410,True,0.9312745332717896,1315.8750610351562,619.328254699707,311.1221923828125,912.5944671630859,True,1,update,0,1292.031252876679,631.7037973679237,321.86755663467125,890.1977185128823,6.195804393633455,-4.090560564190995,3.098395583347312,8.25689527298083
411,True,0.9331164956092834,1331.8605346679688,609.8176422119141,312.6214599609375,925.3461608886719,True,1,update,0,1303.1446860897756,625.01130160121,323.42935691103446,901.8019709889927,6.584273714355261,-4.296101087437815,2.996301111083242,8.479300395253134
412,True,0.9295068383216858,1352.2755737304688,602.9068145751953,325.2972412109375,941.7171325683594,True,1,update,0,1315.9497990096932,618.1113950587414,326.2851970019096,914.1942874695204,7.0756904660506725,-4.501789351750109,2.9869685993499027,8.739289027504658
413,True,0.9313502907752991,1369.4593505859375,596.0448532104492,332.447509765625,958.2152252197266,True,1,update,0,1329.814692117346,611.0414224631811,329.6674203302033,927.3253015449995,7.612005229781421,-4.704663630561785,3.013230115819454,9.031084042798467
414,True,0.9334601759910583,1389.66064453125,585.5224456787109,344.30712890625,975.7319641113281,True,1,update,0,1345.0639440400569,603.2934497803676,334.1278701345022,941.2577074007149,8.215311445827002,-4.945070591655649,3.109386292838808,9.356737688629417
415,True,0.9104604125022888,1408.182861328125,576.6978759765625,359.3740234375,994.334228515625,True,1,update,0,1361.3068391695463,595.182808846605,339.99275674207297,956.056516957194,8.849452430255788,-5.195135613974602,3.29246725708318,9.71831985203048
416,True,0.9391222596168518,1445.9638671875,566.3388290405273,409.85498046875,1011.3665313720703,True,1,update,0,1381.2402932341283,586.529920816159,351.57157334815537,971.4499170347797,9.725035916492983,-5.468281632465162,3.843028917617082,10.095383557777096
417,True,0.9275410771369934,1451.1726684570312,556.4721908569336,397.8326416015625,1023.9784698486328,True,1,update,0,1399.7683840181217,577.4663588528291,360.6946379948571,986.8272196364042,10.42043544138594,-5.752291703011304,4.193845075161093,10.446324846529002
418,True,0.936284065246582,1476.6659545898438,546.5796966552734,419.6661376953125,1040.6159973144531,True,1,update,0,1419.9085957314394,568.0391124836182,371.7069965634733,1002.6686476777073,11.188251603309558,-6.042595667639896,4.646880779211269,10.804786317143375
419,True,0.9439851641654968,1525.9301147460938,536.1741104125977,491.7447509765625,1045.9364471435547,True,1,update,0,1444.9626395438645,558.2209628220875,390.7172931237394,1017.5143060385111,12.283583332989148,-6.340846501364945,5.601214914823341,11.073269955554238
420,True,0.9451441764831543,1547.288818359375,532.2814483642578,505.565185546875,1055.5440368652344,True,1,update,0,1470.4115598204244,549.014549575236,409.9171177234966,1031.9430134154582,13.32358242346561,-6.567212664401972,6.504733800373868,11.296211943724558
421,True,0.9531424641609192,1576.8119506835938,532.8236694335938,522.8563232421875,1059.7681884765625,True,1,update,0,1497.3441185086708,541.0402381450577,429.67040855947766,1045.296687636814,14.398626913276367,-6.678366783957761,7.384994486231103,11.432913861583653
422,True,0.945275068283081,1602.0355224609375,533.9065704345703,544.3447265625,1063.1031188964844,True,1,update,0,1524.9446619917528,534.2953007555286,450.4103687722804,1057.5229526317548,15.44151562049241,-6.683625545624353,8.272325178809671,11.485625701137014
423,True,0.9477077722549438,1628.417724609375,535.2386856079102,561.781494140625,1065.7240447998047,True,1,update,0,1553.2574744875776,528.72683810835,471.51603931901354,1068.5997321278426,16.458286942105662,-6.595532973053848,9.124998369184306,11.458461139751224
424,True,0.946948766708374,1640.898193359375,534.9725189208984,552.89453125,1065.6052551269531,True,1,update,0,1580.123510071259,524.0088488172161,489.63487694930444,1078.2591466598826,17.280449653743094,-6.44721593947575,9.722567077625088,11.338928876989565
425,True,0.9354709982872009,1653.6679077148438,533.3345947265625,527.8118896484375,1064.54296875,True,1,update,0,1605.630442192465,519.8678342508242,502.89934487584617,1086.4793114190065,17.930302697432943,-6.2650369841825375,9.957898069681535,11.131711937511467
426,True,0.8197052478790283,1667.0704345703125,532.5397644042969,502.831298828125,1063.0650024414062,True,1,update,0,1629.9223976375029,516.371615199094,511.60925166666135,1093.3108664519168,18.432843050163314,-6.046313517871895,9.874979027545375,10.84600089320945
427,True,0.9004969596862793,1675.8743896484375,532.7774124145508,484.692138671875,1059.9236907958984,True,1,update,0,1652.3788793503165,513.6080769201478,516.9044914260197,1098.6508902597193,18.75069139445548,-5.7869898653626635,9.570691970590632,10.480172739057341
428,True,0.9157164096832275,1685.461181640625,532.2225799560547,465.1142578125,1057.7989807128906,True,1,update,0,1673.225028848539,511.3888859864999,518.8372094466844,1102.7414412066864,18.916222632386564,-5.5051506948279325,9.063209671223825,10.055633459348803
429,True,0.9041103720664978,1695.46142578125,532.9000854492188,446.58154296875,1065.8001708984375,True,1,update,0,1692.6267018740525,509.83385857392045,517.7781556130474,1106.9470793589724,18.954570907822838,-5.193109716430143,8.390666194128917,9.666948044973678
430,True,0.903853178024292,1705.8968505859375,535.7338714599609,425.779052734375,1068.0764465332031,True,1,update,0,1710.7501402146943,509.1869465042334,513.6726862988213,1110.5722544881353,18.888915382435332,-4.833981694260684,7.560397902752932,9.26552054185978
431,False,,,,,,True,1,predict_only,1,1729.6390555971295,504.3529648099727,521.2330842015742,1119.837775029995,18.888915382435332,-4.833981694260684,7.560397902752932,9.26552054185978
432,False,,,,,,True,1,predict_only,2,1748.5279709795648,499.51898311571205,528.7934821043272,1129.103295571855,18.888915382435332,-4.833981694260684,7.560397902752932,9.26552054185978
433,False,,,,,,True,1,predict_only,3,1767.416886362,494.6850014214514,536.3538800070801,1138.3688161137147,18.888915382435332,-4.833981694260684,7.560397902752932,9.26552054185978
434,False,,,,,,True,1,predict_only,4,1786.3058017444353,489.8510197271907,543.914277909833,1147.6343366555745,18.888915382435332,-4.833981694260684,7.560397902752932,9.26552054185978
435,False,,,,,,True,1,predict_only,5,1805.1947171268705,485.01703803293003,551.4746758125859,1156.8998571974344,18.888915382435332,-4.833981694260684,7.560397902752932,9.26552054185978
436,False,,,,,,True,1,predict_only,6,1824.0836325093057,480.18305633866936,559.0350737153389,1166.1653777392942,18.888915382435332,-4.833981694260684,7.560397902752932,9.26552054185978
437,False,,,,,,True,1,predict_only,7,1842.972547891741,475.3490746444087,566.5954716180918,1175.430898281154,18.888915382435332,-4.833981694260684,7.560397902752932,9.26552054185978
438,False,,,,,,True,1,predict_only,8,1861.8614632741762,470.515092950148,574.1558695208447,1184.6964188230138,18.888915382435332,-4.833981694260684,7.560397902752932,9.26552054185978
439,False,,,,,,True,1,predict_only,9,1880.7503786566115,465.68111125588734,581.7162674235976,1193.9619393648736,18.888915382435332,-4.833981694260684,7.560397902752932,9.26552054185978
440,False,,,,,,True,1,predict_only,10,1899.6392940390467,460.8471295616267,589.2766653263506,1203.2274599067334,18.888915382435332,-4.833981694260684,7.560397902752932,9.26552054185978
441,False,,,,,,False,,deactivated,,,,,,,,,
442,False,,,,,,False,,inactive_waiting,,,,,,,,,
443,False,,,,,,False,,inactive_waiting,,,,,,,,,
444,False,,,,,,False,,inactive_waiting,,,,,,,,,
445,False,,,,,,False,,inactive_waiting,,,,,,,,,
446,False,,,,,,False,,inactive_waiting,,,,,,,,,
447,False,,,,,,False,,inactive_waiting,,,,,,,,,
448,False,,,,,,False,,inactive_waiting,,,,,,,,,
449,False,,,,,,False,,inactive_waiting,,,,,,,,,
450,False,,,,,,False,,inactive_waiting,,,,,,,,,
451,False,,,,,,False,,inactive_waiting,,,,,,,,,
452,False,,,,,,False,,inactive_waiting,,,,,,,,,
453,False,,,,,,False,,inactive_waiting,,,,,,,,,
454,False,,,,,,False,,inactive_waiting,,,,,,,,,
455,False,,,,,,False,,inactive_waiting,,,,,,,,,
456,False,,,,,,False,,inactive_waiting,,,,,,,,,
457,False,,,,,,False,,inactive_waiting,,,,,,,,,
458,False,,,,,,False,,inactive_waiting,,,,,,,,,
459,False,,,,,,False,,inactive_waiting,,,,,,,,,
460,False,,,,,,False,,inactive_waiting,,,,,,,,,
461,False,,,,,,False,,inactive_waiting,,,,,,,,,
462,False,,,,,,False,,inactive_waiting,,,,,,,,,
463,False,,,,,,False,,inactive_waiting,,,,,,,,,
464,False,,,,,,False,,inactive_waiting,,,,,,,,,
465,False,,,,,,False,,inactive_waiting,,,,,,,,,
466,False,,,,,,False,,inactive_waiting,,,,,,,,,
467,False,,,,,,False,,inactive_waiting,,,,,,,,,
468,False,,,,,,False,,inactive_waiting,,,,,,,,,
469,False,,,,,,False,,inactive_waiting,,,,,,,,,
470,False,,,,,,False,,inactive_waiting,,,,,,,,,
471,False,,,,,,False,,inactive_waiting,,,,,,,,,
472,False,,,,,,False,,inactive_waiting,,,,,,,,,
473,False,,,,,,False,,inactive_waiting,,,,,,,,,
474,False,,,,,,False,,inactive_waiting,,,,,,,,,
475,False,,,,,,False,,inactive_waiting,,,,,,,,,
476,False,,,,,,False,,inactive_waiting,,,,,,,,,
477,False,,,,,,False,,inactive_waiting,,,,,,,,,
478,False,,,,,,False,,inactive_waiting,,,,,,,,,
479,False,,,,,,False,,inactive_waiting,,,,,,,,,
480,False,,,,,,False,,inactive_waiting,,,,,,,,,
481,False,,,,,,False,,inactive_waiting,,,,,,,,,
482,False,,,,,,False,,inactive_waiting,,,,,,,,,
483,False,,,,,,False,,inactive_waiting,,,,,,,,,
484,False,,,,,,False,,inactive_waiting,,,,,,,,,
485,False,,,,,,False,,inactive_waiting,,,,,,,,,
486,False,,,,,,False,,inactive_waiting,,,,,,,,,
487,False,,,,,,False,,inactive_waiting,,,,,,,,,
488,False,,,,,,False,,inactive_waiting,,,,,,,,,
489,False,,,,,,False,,inactive_waiting,,,,,,,,,
490,False,,,,,,False,,inactive_waiting,,,,,,,,,
491,False,,,,,,False,,inactive_waiting,,,,,,,,,
492,False,,,,,,False,,inactive_waiting,,,,,,,,,
493,False,,,,,,False,,inactive_waiting,,,,,,,,,
494,False,,,,,,False,,inactive_waiting,,,,,,,,,
495,False,,,,,,False,,inactive_waiting,,,,,,,,,
496,False,,,,,,False,,inactive_waiting,,,,,,,,,
497,False,,,,,,False,,inactive_waiting,,,,,,,,,
498,False,,,,,,False,,inactive_waiting,,,,,,,,,
499,False,,,,,,False,,inactive_waiting,,,,,,,,,
500,False,,,,,,False,,inactive_waiting,,,,,,,,,
501,False,,,,,,False,,inactive_waiting,,,,,,,,,
502,False,,,,,,False,,inactive_waiting,,,,,,,,,
503,False,,,,,,False,,inactive_waiting,,,,,,,,,
504,False,,,,,,False,,inactive_waiting,,,,,,,,,
505,False,,,,,,False,,inactive_waiting,,,,,,,,,
506,False,,,,,,False,,inactive_waiting,,,,,,,,,
507,False,,,,,,False,,inactive_waiting,,,,,,,,,
508,False,,,,,,False,,inactive_waiting,,,,,,,,,
509,False,,,,,,False,,inactive_waiting,,,,,,,,,
510,False,,,,,,False,,inactive_waiting,,,,,,,,,
511,False,,,,,,False,,inactive_waiting,,,,,,,,,
512,False,,,,,,False,,inactive_waiting,,,,,,,,,
513,False,,,,,,False,,inactive_waiting,,,,,,,,,
514,False,,,,,,False,,inactive_waiting,,,,,,,,,
515,False,,,,,,False,,inactive_waiting,,,,,,,,,
516,False,,,,,,False,,inactive_waiting,,,,,,,,,
517,False,,,,,,False,,inactive_waiting,,,,,,,,,
518,False,,,,,,False,,inactive_waiting,,,,,,,,,
519,False,,,,,,False,,inactive_waiting,,,,,,,,,
520,False,,,,,,False,,inactive_waiting,,,,,,,,,
521,False,,,,,,False,,inactive_waiting,,,,,,,,,
522,False,,,,,,False,,inactive_waiting,,,,,,,,,
523,False,,,,,,False,,inactive_waiting,,,,,,,,,
524,False,,,,,,False,,inactive_waiting,,,,,,,,,
525,False,,,,,,False,,inactive_waiting,,,,,,,,,
526,False,,,,,,False,,inactive_waiting,,,,,,,,,
527,False,,,,,,False,,inactive_waiting,,,,,,,,,
528,False,,,,,,False,,inactive_waiting,,,,,,,,,
529,False,,,,,,False,,inactive_waiting,,,,,,,,,
530,False,,,,,,False,,inactive_waiting,,,,,,,,,
531,False,,,,,,False,,inactive_waiting,,,,,,,,,
532,False,,,,,,False,,inactive_waiting,,,,,,,,,
533,False,,,,,,False,,inactive_waiting,,,,,,,,,
534,False,,,,,,False,,inactive_waiting,,,,,,,,,
535,False,,,,,,False,,inactive_waiting,,,,,,,,,
536,False,,,,,,False,,inactive_waiting,,,,,,,,,
537,False,,,,,,False,,inactive_waiting,,,,,,,,,
538,False,,,,,,False,,inactive_waiting,,,,,,,,,
539,False,,,,,,False,,inactive_waiting,,,,,,,,,
540,False,,,,,,False,,inactive_waiting,,,,,,,,,
541,False,,,,,,False,,inactive_waiting,,,,,,,,,
542,False,,,,,,False,,inactive_waiting,,,,,,,,,
543,False,,,,,,False,,inactive_waiting,,,,,,,,,
544,False,,,,,,False,,inactive_waiting,,,,,,,,,
545,False,,,,,,False,,inactive_waiting,,,,,,,,,
546,False,,,,,,False,,inactive_waiting,,,,,,,,,
547,False,,,,,,False,,inactive_waiting,,,,,,,,,
548,False,,,,,,False,,inactive_waiting,,,,,,,,,
549,False,,,,,,False,,inactive_waiting,,,,,,,,,
550,False,,,,,,False,,inactive_waiting,,,,,,,,,
551,False,,,,,,False,,inactive_waiting,,,,,,,,,
552,False,,,,,,False,,inactive_waiting,,,,,,,,,
553,False,,,,,,False,,inactive_waiting,,,,,,,,,
554,False,,,,,,False,,inactive_waiting,,,,,,,,,
555,False,,,,,,False,,inactive_waiting,,,,,,,,,
556,False,,,,,,False,,inactive_waiting,,,,,,,,,
557,False,,,,,,False,,inactive_waiting,,,,,,,,,
558,False,,,,,,False,,inactive_waiting,,,,,,,,,
559,False,,,,,,False,,inactive_waiting,,,,,,,,,
560,False,,,,,,False,,inactive_waiting,,,,,,,,,
561,False,,,,,,False,,inactive_waiting,,,,,,,,,
562,False,,,,,,False,,inactive_waiting,,,,,,,,,
